[
	{
		"model": "private.user",
		"pk": 1,
		"fields": {
			"username": "billi",
			"first_name": "stefano",
			"last_name": "bielli",
			"email": "stefano.bielli@sb.com",
			"password": "pbkdf2_sha256$12000$ZHcEJBzQ0NH1$SFeXzDYr+qMWhWEgn97INYKmP7s/K2ghxhIt4RsF9TA="
		}
	},
	{
		"model": "private.user",
		"pk": 2,
		"fields": {
			"username": "arci",
			"first_name": "fabio",
			"last_name": "arcidiacono",
			"email": "fabio.arcidiacono@sb.com",
			"password": "pbkdf2_sha256$12000$ZHcEJBzQ0NH1$SFeXzDYr+qMWhWEgn97INYKmP7s/K2ghxhIt4RsF9TA="
		}
	},
	{
		"model": "private.user",
		"pk": 3,
		"fields": {
			"username": "tomma",
			"first_name": "riccardo",
			"last_name": "tommasini",
			"email": "riccardo.tommasini@sb.com",
			"password": "pbkdf2_sha256$12000$ZHcEJBzQ0NH1$SFeXzDYr+qMWhWEgn97INYKmP7s/K2ghxhIt4RsF9TA="
		}
	},
	{
		"model": "private.user",
		"pk": 4,
		"fields": {
			"username": "cazza",
			"first_name": "gianpiero",
			"last_name": "cazzaniga",
			"email": "gianpiero.cazzaniga@sb.com",
			"password": "pbkdf2_sha256$12000$ZHcEJBzQ0NH1$SFeXzDYr+qMWhWEgn97INYKmP7s/K2ghxhIt4RsF9TA="
		}
	},


	{
		"model": "private.fellowship",
		"pk": 1,
		"fields": {
			"from_user": 1,
			"to_user": 2
		}
	},
	{
		"model": "private.fellowship",
		"pk": 2,
		"fields": {
			"from_user": 1,
			"to_user": 3
		}
	},
	{
		"model": "private.fellowship",
		"pk": 3,
		"fields": {
			"from_user": 3,
			"to_user": 1
		}
	},
	{
		"model": "private.fellowship",
		"pk": 4,
		"fields": {
			"from_user": 3,
			"to_user": 2
		}
	},
	{
		"model": "private.fellowship",
		"pk": 5,
		"fields": {
			"from_user": 3,
			"to_user": 4
		}
	},


	{
		"model": "private.post",
		"pk": 1,
		"fields": {
			"content": "Praesent nec velit consectetur, tincidunt sprivateen sed, tristique dui.",
			"author": 1,
			"room": 1,
			"time": "2014-04-22T17:42:42+01:00"
		}
	},
	{
		"model": "private.post",
		"pk": 2,
		"fields": {
			"content": "Lorem ipsum dolor sit amet, consectetur adipiscing elit.",
			"author": 1,
			"room": 1,
			"time": "2014-04-22T17:42:42+01:00"
		}
	},
	{
		"model": "private.post",
		"pk": 3,
		"fields": {
			"content": "Maecenas cursus nisi sit amet est aliquam, at laoreet tortor cursus.",
			"author": 1,
			"room": 1,
			"time": "2014-04-22T17:42:42+01:00"
		}
	},
	{
		"model": "private.post",
		"pk": 4,
		"fields": {
			"content": "Ut a elit egestas odio hendrerit mollis quis et lacus.",
			"author": 2,
			"room": 1,
			"time": "2014-04-22T17:42:42+01:00"
		}
	},
	{
		"model": "private.post",
		"pk": 5,
		"fields": {
			"content": "Vestibulum venenatis justo sit amet lectus tincidunt, et sagittis massa venenatis.",
			"author": 3,
			"room": 1,
			"time": "2014-04-22T17:42:42+01:00"
		}
	},
	{
		"model": "private.post",
		"pk": 6,
		"fields": {
			"content": "Proin eleifend lorem in massa gravida feugiat.",
			"author": 3,
			"room": 1,
			"time": "2014-04-22T17:42:42+01:00"
		}
	},


	{
		"model": "private.character",
		"pk": 1,
		"fields": {
			"name": "tidus",
			"owner": 1
		}
	},
	{
		"model": "private.learntability",
		"pk": 1,
		"fields": {
			"character": 1,
			"ability": 1
		}
	},
	{
		"model": "private.learntability",
		"pk": 2,
		"fields": {
			"character": 1,
			"ability": 3
		}
	},
	{
		"model": "private.learntability",
		"pk": 3,
		"fields": {
			"character": 1,
			"ability": 6
		}
	},
	{
		"model": "private.learntability",
		"pk": 4,
		"fields": {
			"character": 1,
			"ability": 16
		}
	},


	{
		"model": "private.character",
		"pk": 2,
		"fields": {
			"name": "yuna",
			"owner": 2
		}
	},
	{
		"model": "private.learntability",
		"pk": 5,
		"fields": {
			"character": 2,
			"ability": 1
		}
	},
	{
		"model": "private.learntability",
		"pk": 6,
		"fields": {
			"character": 2,
			"ability": 3
		}
	},
	{
		"model": "private.learntability",
		"pk": 7,
		"fields": {
			"character": 2,
			"ability": 6
		}
	},
	{
		"model": "private.learntability",
		"pk": 8,
		"fields": {
			"character": 2,
			"ability": 16
		}
	},



	{
		"model": "private.character",
		"pk": 3,
		"fields": {
			"name": "auron",
			"owner": 3
		}
	},
	{
		"model": "private.learntability",
		"pk": 9,
		"fields": {
			"character": 3,
			"ability": 1
		}
	},
	{
		"model": "private.learntability",
		"pk": 10,
		"fields": {
			"character": 3,
			"ability": 3
		}
	},
	{
		"model": "private.learntability",
		"pk": 11,
		"fields": {
			"character": 3,
			"ability": 6
		}
	},
	{
		"model": "private.learntability",
		"pk": 12,
		"fields": {
			"character": 3,
			"ability": 16
		}
	},



	{
		"model": "private.character",
		"pk": 4,
		"fields": {
			"name": "rikku",
			"owner": 4
		}
	},
	{
		"model": "private.learntability",
		"pk": 13,
		"fields": {
			"character": 4,
			"ability": 1
		}
	},
	{
		"model": "private.learntability",
		"pk": 14,
		"fields": {
			"character": 4,
			"ability": 3
		}
	},
	{
		"model": "private.learntability",
		"pk": 15,
		"fields": {
			"character": 4,
			"ability": 6
		}
	},
	{
		"model": "private.learntability",
		"pk": 16,
		"fields": {
			"character": 4,
			"ability": 16
		}
	},




	{
		"model": "private.inventoryrecord",
		"pk": 1,
		"fields": {
			"owner": 1,
			"item": 1,
			"quantity": 3
		}
	},
	{
		"model": "private.inventoryrecord",
		"pk": 2,
		"fields": {
			"owner": 2,
			"item": 1,
			"quantity": 3
		}
	},
	{
		"model": "private.inventoryrecord",
		"pk": 3,
		"fields": {
			"owner": 3,
			"item": 1,
			"quantity": 3
		}
	},
	{
		"model": "private.inventoryrecord",
		"pk": 4,
		"fields": {
			"owner": 4,
			"item": 1,
			"quantity": 3
		}
	},


	{
		"model": "private.item",
		"pk": 1,
		"fields": {
			"name": "potion",
			"slug": "potion",
			"item_type": "R",
			"power": 20,
			"description": "Restores minor HP"
		}
	},
	{
		"model": "private.item",
		"pk": 2,
		"fields": {
			"name": "leather clothing",
			"slug": "leather-clothing",
			"item_type": "A"
		}
	},
	{
		"model": "private.item",
		"pk": 3,
		"fields": {
			"name": "maximilian",
			"slug": "maximilian",
			"item_type": "A"
		}
	},
	{
		"model": "private.item",
		"pk": 4,
		"fields": {
			"name": "mythril sword",
			"slug": "mythril-sword",
			"item_type": "W",
			"ctf": 21,
			"power": 25,
			"description": "The equipment of this type are usually of weak or mediocre power."
		}
	},
	{
		"model": "private.item",
		"pk": 5,
		"fields": {
			"name": "sunflower",
			"slug": "sunflower",
			"item_type": "W",
			"ctf": 26,
			"power": 50
		}
	},
	{
		"model": "private.item",
		"pk": 6,
		"fields": {
			"name": "hi potion",
			"slug": "hi-potion",
			"item_type": "R",
			"description": "Restores moderate HP"
		}
	},
	{
		"model": "private.item",
		"pk": 7,
		"fields": {
			"name": "swarovski armor",
			"slug": "swarovski-armor",
			"item_type": "A",
			"cost": 5000
		}
	},




	{
		"model": "private.mob",
		"pk": 1,
		"fields": {
			"name": "slime",
			"slug": "slime",
			"drops": [1],
			"abilities": [1, 8]
		}
	},
	{
		"model": "private.mob",
		"pk": 2,
		"fields": {
			"name": "grenade",
			"slug": "grenade",
			"drops": [1],
			"abilities": [1, 3, 6]
		}
	},
	{
		"model": "private.mob",
		"pk": 3,
		"fields": {
			"name": "malboro",
			"slug": "malboro",
			"drops": [1],
			"abilities": [1, 4]
		}
	},
	{
		"model": "private.mob",
		"pk": 4,
		"fields": {
			"name": "hellhound",
			"slug": "hellhound",
			"drops": [1],
			"abilities": [1, 3]
		}
	},
	{
		"model": "private.mob",
		"pk": 5,
		"fields": {
			"name": "gargoyle",
			"slug": "gargoyle",
			"drops": [1],
			"abilities": [1]
		}
	},
	{
		"model": "private.mob",
		"pk": 6,
		"fields": {
			"name": "wolf",
			"slug": "wolf",
			"drops": [1],
			"abilities": [1, 3, 16],
			"level": 2,
			"hp": 94,
			"stre": 8,
			"defense": 4,
			"mdefense": 7,
			"vit": 12,
			"spd": 10,
			"atk": 8,
			"exp": 9
		}
	},
	{
		"model": "private.mob",
		"pk": 7,
		"fields": {
			"name": "lucky wolf",
			"slug": "lucky-wolf",
			"drops": [1],
			"abilities": [1, 3, 16],
			"level": 2,
			"hp": 94,
			"stre": 8,
			"defense": 4,
			"mdefense": 7,
			"vit": 12,
			"spd": 10,
			"atk": 8,
			"exp": 10000,
			"guils": 1000
		}
	},
	{
		"model": "private.mob",
		"pk": 8,
		"fields": {
			"name": "o yeah",
			"slug": "o-yeah",
			"drops": [1, 2, 3, 4, 5, 6],
			"abilities": [1],
			"level": 2,
			"hp": 100,
			"stre": 0,
			"defense": 0,
			"mdefense": 0,
			"vit": 0,
			"spd": 10,
			"atk": 0,
			"exp": 10000,
			"guils": 1000
		}
	},




	{
		"model": "private.relaxroom",
		"pk": 1,
		"fields": {
			"name": "moguri shop",
			"slug": "moguri-shop",
			"sells": [1, 4]
		}
	},
	{
		"model": "private.pveroom",
		"pk": 1,
		"fields": {
			"name": "zertinan caves",
			"slug": "zertinan-caves",
			"mobs": [1, 2]
		}
	},
	{
		"model": "private.pveroom",
		"pk": 2,
		"fields": {
			"name": "golmore jungle",
			"slug": "golmore-jungle",
			"mobs": [3, 4, 5]
		}
	},
	{
		"model": "private.relaxroom",
		"pk": 2,
		"fields": {
			"name": "chocobo emporium",
			"slug": "chocobo-emporium",
			"sells": [1]
		}
	},
	{
		"model": "private.pveroom",
		"pk": 3,
		"fields": {
			"name": "dalmasca estersand",
			"slug": "dalmasca-estersand",
			"mobs": [6]
		}
	},
	{
		"model": "private.pveroom",
		"pk": 4,
		"fields": {
			"name": "the dream room",
			"slug": "dream-room",
			"mobs": [8]
		}
	},



	{
		"model": "private.ability",
		"pk": 1,
		"fields": {
			"name": "attack",
			"slug": "attack",
			"ctf": 0,
			"description": "Attack ability"
		}
	},
	{
		"model": "private.ability",
		"pk": 2,
		"fields": {
			"name": "tokkata",
			"slug": "tokkata",
			"requires": [1],
			"ctf": 0
		}
	},
	{
		"model": "private.ability",
		"pk": 3,
		"fields": {
			"name": "fire",
			"slug": "fire",
			"element": "F",
			"description": "Fire black magic of level 1"
		}
	},
	{
		"model": "private.ability",
		"pk": 4,
		"fields": {
			"name": "fira",
			"slug": "fira",
			"requires": [3],
			"element": "F" 
		}
	},
	{
		"model": "private.ability",
		"pk": 5,
		"fields": {
			"name": "firaga",
			"slug": "firaga",
			"requires": [4],
			"element": "F" 
		}
	},
	{
		"model": "private.ability",
		"pk": 6,
		"fields": {
			"name": "thunder",
			"slug": "thunder",
			"element": "T" 
		}
	},
	{
		"model": "private.ability",
		"pk": 7,
		"fields": {
			"name": "thundara",
			"slug": "thundara",
			"requires": [6],
			"element": "T" 
		}
	},
	{
		"model": "private.ability",
		"pk": 8,
		"fields": {
			"name": "thundaga",
			"slug": "thundaga",
			"requires": [7],
			"element": "T" 
		}
	},
	{
		"model": "private.ability",
		"pk": 9,
		"fields": {
			"name": "blizzard",
			"slug": "blizzard",
			"element": "B" 
		}
	},
	{
		"model": "private.ability",
		"pk": 10,
		"fields": {
			"name": "blizzara",
			"slug": "blizzara",
			"requires": [9],
			"element": "B" 
		}
	},
	{
		"model": "private.ability",
		"pk": 11,
		"fields": {
			"name": "blizzaga",
			"slug": "blizzaga",
			"requires": [10],
			"element": "B" 
		}
	},
	{
		"model": "private.ability",
		"pk": 12,
		"fields": {
			"name": "idro",
			"slug": "idro",
			"element": "W" 
		}
	},
	{
		"model": "private.ability",
		"pk": 13,
		"fields": {
			"name": "idrora",
			"slug": "idrora",
			"requires": [12],
			"element": "W" 
		}
	},
	{
		"model": "private.ability",
		"pk": 14,
		"fields": {
			"name": "idroga",
			"slug": "idroga",
			"requires": [13],
			"element": "W" 
		}
	},
	{
		"model": "private.ability",
		"pk": 15,
		"fields": {
			"name": "flare",
			"slug": "flare",
			"requires": [5, 8, 11, 14]
		}
	},

	{
		"model": "private.ability",
		"pk": 16,
		"fields": {
			"name": "cure",
			"slug": "cure",
			"element": "W"
		}
	},
	{
		"model": "private.ability",
		"pk": 17,
		"fields": {
			"name": "cura",
			"slug": "cura",
			"element": "W",
			"requires": [16]
		}
	},
	{
		"model": "private.ability",
		"pk": 18,
		"fields": {
			"name": "curaga",
			"slug": "curaga",
			"element": "W",
			"requires": [17]
		}
	},
	{
		"model": "private.ability",
		"pk": 19,
		"fields": {
			"name": "crioshock",
			"slug": "crioshock",
			"element": "B",
			"requires": [1, 9],
			"ctf": 15
		}
	}
]