[
	{
		"model": "api.user",
		"pk": 1,
		"fields": {
			"username": "billi",
			"first_name": "stefano",
			"last_name": "bielli",
			"email": "stefano.bielli@sb.com",
			"password": "pbkdf2_sha256$12000$ZHcEJBzQ0NH1$SFeXzDYr+qMWhWEgn97INYKmP7s/K2ghxhIt4RsF9TA="
		}
	},
	{
		"model": "api.user",
		"pk": 2,
		"fields": {
			"username": "arci",
			"first_name": "fabio",
			"last_name": "arcidiacono",
			"email": "fabio.arcidiacono@sb.com",
			"password": "pbkdf2_sha256$12000$ZHcEJBzQ0NH1$SFeXzDYr+qMWhWEgn97INYKmP7s/K2ghxhIt4RsF9TA="
		}
	},
	{
		"model": "api.user",
		"pk": 3,
		"fields": {
			"username": "tomma",
			"first_name": "riccardo",
			"last_name": "tommasini",
			"email": "riccardo.tommasini@sb.com",
			"password": "pbkdf2_sha256$12000$ZHcEJBzQ0NH1$SFeXzDYr+qMWhWEgn97INYKmP7s/K2ghxhIt4RsF9TA="
		}
	},
	{
		"model": "api.user",
		"pk": 4,
		"fields": {
			"username": "cazza",
			"first_name": "gianpiero",
			"last_name": "cazzaniga",
			"email": "gianpiero.cazzaniga@sb.com",
			"password": "pbkdf2_sha256$12000$ZHcEJBzQ0NH1$SFeXzDYr+qMWhWEgn97INYKmP7s/K2ghxhIt4RsF9TA="
		}
	},


	{
		"model": "api.fellowship",
		"pk": 1,
		"fields": {
			"from_user": 1,
			"to_user": 2
		}
	},
	{
		"model": "api.fellowship",
		"pk": 2,
		"fields": {
			"from_user": 1,
			"to_user": 3
		}
	},
	{
		"model": "api.fellowship",
		"pk": 3,
		"fields": {
			"from_user": 3,
			"to_user": 1
		}
	},
	{
		"model": "api.fellowship",
		"pk": 4,
		"fields": {
			"from_user": 3,
			"to_user": 2
		}
	},
	{
		"model": "api.fellowship",
		"pk": 5,
		"fields": {
			"from_user": 3,
			"to_user": 4
		}
	},


	{
		"model": "api.post",
		"pk": 1,
		"fields": {
			"content": "Praesent nec velit consectetur, tincidunt sapien sed, tristique dui.",
			"author": 1,
			"room": 1
		}
	},
	{
		"model": "api.post",
		"pk": 2,
		"fields": {
			"content": "Lorem ipsum dolor sit amet, consectetur adipiscing elit.",
			"author": 1,
			"room": 1
		}
	},
	{
		"model": "api.post",
		"pk": 3,
		"fields": {
			"content": "Maecenas cursus nisi sit amet est aliquam, at laoreet tortor cursus.",
			"author": 1,
			"room": 1
		}
	},
	{
		"model": "api.post",
		"pk": 4,
		"fields": {
			"content": "Ut a elit egestas odio hendrerit mollis quis et lacus.",
			"author": 2,
			"room": 1
		}
	},
	{
		"model": "api.post",
		"pk": 5,
		"fields": {
			"content": "Vestibulum venenatis justo sit amet lectus tincidunt, et sagittis massa venenatis.",
			"author": 3,
			"room": 1
		}
	},
	{
		"model": "api.post",
		"pk": 6,
		"fields": {
			"content": "Proin eleifend lorem in massa gravida feugiat.",
			"author": 3,
			"room": 1
		}
	},



	{
		"model": "api.character",
		"pk": 1,
		"fields": {
			"name": "tidus",
			"owner": 1,
			"physical_abilities": [1],
			"white_magic_abilities":[1],
			"black_magic_abilities":[1, 4]
		}
	},
	{
		"model": "api.character",
		"pk": 2,
		"fields": {
			"name": "yuna",
			"owner": 2,
			"physical_abilities": [1],
			"white_magic_abilities":[1],
			"black_magic_abilities":[1, 4]
		}
	},
	{
		"model": "api.character",
		"pk": 3,
		"fields": {
			"name": "auron",
			"owner": 3,
			"physical_abilities": [1],
			"white_magic_abilities":[1],
			"black_magic_abilities":[1, 4]
		}
	},
	{
		"model": "api.character",
		"pk": 4,
		"fields": {
			"name": "rikku",
			"owner": 4,
			"physical_abilities": [1],
			"white_magic_abilities":[1],
			"black_magic_abilities":[1, 4]
		}
	},

	{
		"model": "api.inventoryrecord",
		"pk": 1,
		"fields": {
			"owner": 1,
			"item": 1,
			"quantity": 3
		}
	},
	{
		"model": "api.inventoryrecord",
		"pk": 2,
		"fields": {
			"owner": 2,
			"item": 1,
			"quantity": 3
		}
	},
	{
		"model": "api.inventoryrecord",
		"pk": 3,
		"fields": {
			"owner": 3,
			"item": 1,
			"quantity": 3
		}
	},
	{
		"model": "api.inventoryrecord",
		"pk": 4,
		"fields": {
			"owner": 4,
			"item": 1,
			"quantity": 3
		}
	},


	{
		"model": "api.item",
		"pk": 1,
		"fields": {
			"name": "potion",
			"item_type": "R"
		}
	},
	{
		"model": "api.item",
		"pk": 2,
		"fields": {
			"name": "leather clothing",
			"item_type": "A"
		}
	},
	{
		"model": "api.item",
		"pk": 3,
		"fields": {
			"name": "maximilian",
			"item_type": "A"
		}
	},
	{
		"model": "api.item",
		"pk": 4,
		"fields": {
			"name": "mythril sword",
			"item_type": "W"
		}
	},
	{
		"model": "api.item",
		"pk": 5,
		"fields": {
			"name": "sunflower",
			"item_type": "W"
		}
	},
	{
		"model": "api.item",
		"pk": 6,
		"fields": {
			"name": "hi potion",
			"item_type": "R"
		}
	},




	{
		"model": "api.mob",
		"pk": 1,
		"fields": {
			"name": "slime",
			"drops": [1]
		}
	},
	{
		"model": "api.mob",
		"pk": 2,
		"fields": {
			"name": "grenade",
			"drops": [1]
		}
	},
	{
		"model": "api.mob",
		"pk": 3,
		"fields": {
			"name": "malboro",
			"drops": [1]
		}
	},
	{
		"model": "api.mob",
		"pk": 4,
		"fields": {
			"name": "hellhound",
			"drops": [1]
		}
	},
	{
		"model": "api.mob",
		"pk": 5,
		"fields": {
			"name": "gargoyle",
			"drops": [1]
		}
	},


	{
		"model": "api.relaxroom",
		"pk": 1,
		"fields": {
			"name": "moguri_shop",
			"sells": [1]
		}
	},
	{
		"model": "api.pveroom",
		"pk": 1,
		"fields": {
			"name": "zertinan_caves",
			"mobs": [1, 2]
		}
	},
	{
		"model": "api.pveroom",
		"pk": 2,
		"fields": {
			"name": "golmore_jungle",
			"mobs": [3, 4, 5]
		}
	},
	{
		"model": "api.relaxroom",
		"pk": 2,
		"fields": {
			"name": "chocobo_emporium",
			"sells": [1]
		}
	},

	{
		"model": "api.physicalability",
		"pk": 1,
		"fields": {
			"name": "attack"
		}
	},
	{
		"model": "api.blackmagicability",
		"pk": 1,
		"fields": {
			"name": "fire",
			"element": "F" 
		}
	},
	{
		"model": "api.blackmagicability",
		"pk": 2,
		"fields": {
			"name": "fira",
			"requires": [1],
			"element": "F" 
		}
	},
	{
		"model": "api.blackmagicability",
		"pk": 3,
		"fields": {
			"name": "firaga",
			"requires": [2],
			"element": "F" 
		}
	},
	{
		"model": "api.blackmagicability",
		"pk": 4,
		"fields": {
			"name": "thunder",
			"element": "T" 
		}
	},
	{
		"model": "api.blackmagicability",
		"pk": 5,
		"fields": {
			"name": "thundara",
			"requires": [4],
			"element": "T" 
		}
	},
	{
		"model": "api.blackmagicability",
		"pk": 6,
		"fields": {
			"name": "thundaga",
			"requires": [5],
			"element": "T" 
		}
	},
	{
		"model": "api.blackmagicability",
		"pk": 7,
		"fields": {
			"name": "blizzard",
			"element": "B" 
		}
	},
	{
		"model": "api.blackmagicability",
		"pk": 8,
		"fields": {
			"name": "blizzara",
			"requires": [7],
			"element": "B" 
		}
	},
	{
		"model": "api.blackmagicability",
		"pk": 9,
		"fields": {
			"name": "blizzaga",
			"requires": [8],
			"element": "B" 
		}
	},
	{
		"model": "api.blackmagicability",
		"pk": 10,
		"fields": {
			"name": "idro",
			"element": "W" 
		}
	},
	{
		"model": "api.blackmagicability",
		"pk": 11,
		"fields": {
			"name": "idrora",
			"requires": [10],
			"element": "W" 
		}
	},
	{
		"model": "api.blackmagicability",
		"pk": 12,
		"fields": {
			"name": "idroga",
			"requires": [11],
			"element": "W" 
		}
	},
	{
		"model": "api.blackmagicability",
		"pk": 13,
		"fields": {
			"name": "flare",
			"requires": [3, 6, 8, 12]
		}
	},

	{
		"model": "api.whitemagicability",
		"pk": 1,
		"fields": {
			"name": "cure"
		}
	},
	{
		"model": "api.whitemagicability",
		"pk": 2,
		"fields": {
			"name": "cura",
			"requires": [1]
		}
	},
	{
		"model": "api.whitemagicability",
		"pk": 3,
		"fields": {
			"name": "curaga",
			"requires": [2]
		}
	}
]